Day,RSI,Stochastic Oscillator,Williams,MACD,Price Rate Of Change,On Balance Volume,Close,Buy/Sell
1,2.71700605416,14.7648995331,-85.2351004669,-15.0161104443,-0.00580396467102,1.0148198419e+11,460.160011,Sell
4,2.19458897497,15.9193503776,-84.0806496224,-14.0505653514,-0.0115633526167,1.01077718278e+11,446.060009,Sell
7,1.80400345189,18.3967322354,-81.6032677646,-13.4847101225,-0.0107207905693,1.00700395752e+11,448.970009,Sell
10,1.4159979452,12.9083527261,-87.0916472739,-13.1422454524,-0.0131565940935,1.00327234023e+11,430.470013,Sell
13,1.06045710668,10.9520091595,-89.0479908405,-13.4007762176,-0.0170145182245,99944204905.3,425.659996,Buy
16,0.92334175463,14.0746958085,-85.9253041915,-13.3545527731,-0.00827929789813,99569770302.3,437.869995,Sell
19,0.79400666966,12.9780603486,-87.0219396514,-12.9326170992,-0.00836540960186,99209524727.1,432.499992,Buy
22,13.0369517477,25.3917276495,-74.6082723505,-11.4888132018,0.00655551120585,99578497189.6,454.489975,Buy
25,25.8325050855,51.2114472007,-48.7885527993,-9.26375049219,0.00731676233097,99932002658.7,461.910011,Buy
28,36.400015888,74.0994084088,-25.9005915912,-6.72665586876,0.0069134242113,1.00271230046e+11,452.079987,Sell
31,28.9542655065,50.8927437548,-49.1072562452,-5.40195889975,-0.00943690862649,99941662779.5,429.789997,Sell
34,22.601818303,22.7535271785,-77.2464728215,-5.21394253764,-0.0105621791921,99619307764.3,423.199993,Buy
37,19.5307245201,19.8985053038,-80.1014946962,-5.42874551403,-0.00637449812824,99315468550.8,435.689999,Sell
40,16.6224913936,14.9204611571,-85.0795388429,-5.47522175493,-0.00619568155569,99029360878.0,419.85001,Sell
43,10.9478276621,12.2243821803,-87.7756178197,-6.15444441161,-0.0174944667481,98721230232.3,392.049988,Buy
46,7.83699825287,13.2709542382,-86.7290457618,-7.66840179254,-0.0173942897628,98372440164.8,406.12999,Buy
49,7.03085875355,17.0281375143,-82.9718624857,-8.46489997342,-0.00584070031148,97979960610.1,417.199989,Buy
52,27.6177340905,35.9597622643,-64.0402377357,-7.53496630927,0.0123825156836,98394448586.6,439.290001,Buy
55,48.7459860265,73.5125599438,-26.4874400562,-5.18069246382,0.0181881036139,98791272360.5,460.709984,Sell
58,62.0728032951,84.4725061369,-15.5274938631,-2.09059001633,0.0175110693796,99174881510.8,456.769974,Sell
61,66.4940442583,84.2737782244,-15.7262217756,0.416137648492,0.00713790595616,99531289137.3,443.860012,Sell
64,59.9822023737,75.7215624242,-24.2784375758,1.34383140965,-0.00523646871271,99157166302.2,433.26001,Buy
67,61.1977149546,71.2733571704,-28.7266428296,1.67850960867,0.00135424923812,99524079438.6,441.349995,Buy
70,63.2370920323,61.5519448093,-38.4480551907,1.85179239723,0.00195723478068,99867503266.4,441.44001,Buy
73,68.6255652464,64.2763936531,-35.7236063469,2.10637286159,0.00499481320542,1.00189699082e+11,449.730026,Sell
76,71.8576777415,68.5660222898,-31.4339777102,2.42372540942,0.00326124514224,1.00495325382e+11,445.110001,Sell
79,65.1378411862,61.2366448855,-38.7633551145,2.26137190232,-0.00253413822759,1.00195240619e+11,438.889992,Sell
82,53.8389316244,43.9717811225,-56.0282188775,1.66880100429,-0.00453440277872,99909246639.4,435.959991,Sell
85,42.5241455508,26.4254330852,-73.5745669148,0.785111295846,-0.00565066136846,99646495829.1,431.769989,Sell
88,26.8547669927,17.8200533073,-82.1799466927,-0.529684691836,-0.0124104165448,99391013867.3,413.500011,Sell
91,15.8197094273,12.813716771,-87.186283229,-2.57900182612,-0.0192124484322,99120914541.3,398.069992,Buy
94,11.4603635001,12.2331629142,-87.7668370858,-4.76301172468,-0.0148534426713,98842243424.5,409.219994,Buy
97,12.5446142716,15.1199844922,-84.8800155078,-5.62515386392,0.000302945241908,98941629861.8,417.419994,Buy
100,15.7755778771,18.9055046572,-81.0944953428,-5.57320957961,0.000655869817057,99029091666.9,420.730003,Buy
103,28.1620824121,37.1417686439,-62.8582313561,-4.7528057199,0.00514604234063,99284520297.4,427.44001,Buy
106,41.0785238996,72.994184486,-27.005815514,-3.5141334161,0.00608608848165,99517350929.4,431.760002,Sell
109,41.2390714233,68.2195124368,-31.7804875632,-2.47195357266,-0.000171868851784,99589881023.5,418.98999,Buy
112,59.0750513039,78.4224211117,-21.5775788883,-1.21057637834,0.0101667033118,99826282868.9,440.990013,Buy
115,73.4670899048,82.6766280197,-17.3233719803,0.546688988572,0.0143360160391,1.0005186217e+11,452.529984,Buy
118,82.8936268129,88.6117250937,-11.3882749063,2.6757432074,0.0176104792118,1.00271643343e+11,469.449997,Sell
121,87.1092514927,89.3957261443,-10.6042738557,4.75836491824,0.0129860889011,1.00494215835e+11,461.010017,Buy
124,90.4929363124,89.8884152508,-10.1115847492,6.3261965273,0.0141523739502,1.00730210522e+11,489.569977,Buy
127,94.0459133182,91.6338536377,-8.36614636235,8.72967469832,0.0263903109892,1.01028193368e+11,502.330002,Buy
130,95.6919662693,90.5103540306,-9.48964596945,11.1986016344,0.021181426428,1.01330678581e+11,502.360016,Buy
133,96.5412629732,90.5135321036,-9.48646789643,12.9135600421,0.0146915117579,1.01609298107e+11,502.970016,Sell
136,96.7828031057,88.4108068322,-11.5891931678,13.3149424053,0.00436813635441,1.01880736024e+11,491.700012,Buy
139,97.0271080301,84.6427306486,-15.3572693514,12.7509146777,0.00396211532615,1.02138525691e+11,498.690025,Sell
142,97.4670030371,82.3751383548,-17.6248616452,12.0469372386,0.0073854968041,1.0238982317e+11,506.169983,Sell
145,82.2257632529,54.547896715,-45.452103285,10.6279462637,-0.00654307804549,1.02271636087e+11,472.690018,Sell
148,58.2539958043,18.4999674515,-81.5000325485,7.75573948567,-0.0161529547909,1.01957605437e+11,455.320007,Buy
151,51.7005173606,15.2796405736,-84.7203594264,4.90830266833,-0.00580083655733,1.0163341915e+11,467.410004,Buy
154,57.5164497779,27.0257823514,-72.9742176486,3.4509309446,0.00579370752672,1.01983587311e+11,481.530006,Buy
157,58.6484805049,32.9795586662,-67.0204413338,2.70355663622,0.00145363653597,1.02095500347e+11,476.749977,Buy
160,63.0707958294,59.7026763135,-40.2973236865,2.39510605135,0.00390394076299,1.02384977081e+11,483.409996,Sell
163,64.3373933071,64.4181672912,-35.5818327088,2.21815138119,0.0012693606514,1.0247849155e+11,480.93998,Buy
166,69.7002299203,68.0962574422,-31.9037425578,2.21766089843,0.00419743416316,1.02735912411e+11,492.809998,Buy
169,77.5337516705,75.2933299435,-24.7066700565,2.67718459421,0.00785949745503,1.02980459081e+11,501.110001,Buy
172,85.4011869584,84.4275125521,-15.5724874479,3.68329960265,0.0128832172039,1.03217218638e+11,521.360023,Buy
175,90.6915680656,88.5924922427,-11.4075077573,5.36322244321,0.016680074909,1.03472587042e+11,531.910011,Sell
178,92.8269190446,84.8517583776,-15.1482416224,7.04410515018,0.0110530078849,1.03745628211e+11,516.680023,Buy
181,93.9880335682,85.8699296514,-14.1300703486,8.04744038439,0.00734420105347,1.04026681191e+11,520.030006,Buy
184,94.8803655662,86.6229191829,-13.3770808171,8.51839185121,0.00631024800851,1.04284699389e+11,520.920013,Sell
187,94.0127515049,83.4352615898,-16.5647384102,8.24257746968,0.00132130484363,1.04361870452e+11,519.050011,Buy
190,94.7384262736,81.005759813,-18.994240187,7.73569359521,0.00380860282336,1.0458371568e+11,528.160019,Sell
193,95.0392528307,75.0269402825,-24.9730597175,7.15363517579,0.00164297381878,1.04800151568e+11,519.549995,Buy
196,92.8117989773,69.0709446355,-30.9290553645,6.29608270755,0.000175702196699,1.04866824121e+11,519.799988,Buy
199,95.0783527891,79.2854715608,-20.7145284392,5.8813259144,0.00828610464989,1.05073504416e+11,545.959999,Buy
202,97.2914881298,84.4482882613,-15.5517117387,6.76312032978,0.0175545148858,1.05302110724e+11,566.319984,Sell
205,98.1978470582,85.7086880704,-14.2913119296,8.35170716708,0.015657906613,1.05552133487e+11,560.019974,Buy
208,98.6252821033,87.5005885061,-12.4994114939,9.71623669566,0.0114857259748,1.05802127642e+11,561.359978,Sell
211,98.7877751084,86.9081044762,-13.0918955238,10.2682812958,0.00514420269645,1.06046294882e+11,557.500023,Sell
214,96.0236551234,82.7687981063,-17.2312018937,9.89511527539,0.000168165278888,1.06125233475e+11,544.459991,Buy
217,96.5699523711,82.585080473,-17.414919527,9.25152611407,0.00633029699891,1.06214507517e+11,567.669975,Sell
220,96.8532406116,76.1854501887,-23.8145498113,8.7366183278,0.00293360931277,1.06298351926e+11,554.519981,Sell
223,87.1370576307,61.0760277366,-38.9239722634,7.7888879995,-0.00164527211721,1.06223303893e+11,540.980019,Sell
226,71.1398368004,37.8417666921,-62.1582333079,6.13708624218,-0.00523774596175,1.05986996467e+11,543.460022,Sell
229,53.8028186315,22.1456454423,-77.8543545577,4.13180503092,-0.00739616347846,1.05754245513e+11,535.730019,Buy
232,58.9097598031,34.4000178304,-65.5999821696,2.8165720447,0.00296449899039,1.05834684413e+11,554.250015,Sell
235,57.5679180858,33.4699974911,-66.5300025089,1.98718355947,-0.000402982551059,1.05917452612e+11,551.509979,Sell
238,59.5639318511,45.1346389454,-54.8653610546,1.59632624792,0.00126050775953,1.06006832769e+11,550.500023,Sell
241,26.1178346638,19.7349382155,-80.2650617845,-0.372733024437,-0.0220442445559,1.05673173544e+11,499.779984,Buy
244,17.5656724414,14.7517358513,-85.2482641487,-3.15988666748,-0.0158276239668,1.05331100308e+11,508.790016,Buy
247,15.1301728083,13.1900173816,-86.8099826184,-5.13015108073,-0.00638621950562,1.05012672201e+11,519.679985,Buy
250,24.5674782688,20.8024924086,-79.1975075914,-5.49297067528,0.00447352101865,1.0531127105e+11,535.919983,Buy
253,40.453093562,44.9152613794,-55.0847386206,-4.43485423201,0.00871387002703,1.05589072733e+11,545.990013,Sell
256,40.2722080805,69.7926507208,-30.2073492792,-3.295482191,-0.000432461608738,1.05504261239e+11,525.249992,Sell
259,34.4513075714,54.5608813803,-45.4391186197,-2.84914585538,-0.00465003065392,1.05256540302e+11,517.349998,Buy
262,33.344752557,48.8718586539,-51.1281413461,-2.64873979967,-0.000887530889594,1.05015086239e+11,527.76001,Buy
265,37.3109001756,42.0034493134,-57.9965506866,-2.25145221603,0.00140506460099,1.05241255213e+11,530.749985,Buy
268,42.5977401896,49.1278695636,-50.8721304364,-1.75414221248,0.00164773998024,1.05449333439e+11,536.089973,Sell
271,43.1466769335,55.4049166844,-44.5950833156,-1.22973811637,3.39482710697e-05,1.05383662848e+11,524.68998,Buy
274,43.4192005372,56.7656514435,-43.2343485565,-0.974506968709,-0.000124112699197,1.0544508636e+11,531.26001,Buy
277,51.0328862863,63.4225838756,-36.5774161244,-0.671640037951,0.00185984701418,1.05515053236e+11,539.190018,Sell
280,64.1252243891,68.1237403833,-31.8762596167,0.01595891112,0.00457689373423,1.05717140128e+11,537.459991,Buy
283,69.8129147855,71.8990438149,-28.1009561851,0.580052889828,0.00244336701341,1.05907199674e+11,541.649994,Sell
286,69.8830398881,71.5275957779,-28.4724042221,1.04670122724,0.00121452617612,1.0596641832e+11,531.820023,Buy
289,51.0244690062,50.9748648892,-49.0251351108,0.772710449404,-0.00461605226271,1.05785434291e+11,530.320015,Sell
292,36.0035140821,25.9891551363,-74.0108448637,0.0857446697211,-0.0055960550892,1.0560541925e+11,521.679977,Buy
295,28.0011896689,25.1274711416,-74.8725288584,-0.78012029738,-0.00449163007452,1.05424569575e+11,524.940025,Sell
298,31.9704306299,27.3655458349,-72.6344541651,-1.12605366682,0.000648038785775,1.05480090247e+11,524.750008,Sell
301,75.4727101364,86.4786944725,-13.5213055275,0.474800039606,0.024957457144,1.05716636061e+11,594.090019,Sell
304,86.1835398258,89.8837014163,-10.1162985837,3.83168679498,0.0240027413602,1.05975302934e+11,591.480026,Buy
307,90.5135706057,91.9407118836,-8.05928811645,7.28967730627,0.0195893680255,1.06220149286e+11,594.410027,Sell
310,92.2014393668,92.7337139596,-7.26628604043,9.78789618062,0.0107223021744,1.06458183341e+11,585.540024,Buy
313,93.5835855134,93.4823708667,-6.51762913329,11.2661181471,0.0101850326794,1.06675963809e+11,593.869987,Buy
316,94.6856451203,92.0195520552,-7.98044794483,12.0181028458,0.00925520946102,1.06882263134e+11,604.590019,Buy
319,95.7306648603,91.9660757085,-8.03392429154,12.6095251418,0.0106601462192,1.07082412789e+11,607.269974,Buy
322,96.8178926405,92.2602911795,-7.73970882048,13.3443885481,0.014598270622,1.07281114626e+11,624.01001,Buy
325,97.6113637726,90.6788941125,-9.32110588751,14.3998458738,0.0152349836117,1.07506808661e+11,628.650009,Buy
328,98.2129049689,92.5849062389,-7.41509376114,15.4573565149,0.0160104772678,1.07741541183e+11,647.349983,Sell
331,24.9943672318,4.46402678829,-95.5359732117,5.10336240858,-0.149957874364,1.07664630165e+11,94.25,Sell
334,12.1762791893,1.64341413025,-98.3565858698,-23.3811547306,-0.213592011267,1.07447273682e+11,91.279999,Sell
337,8.25697146087,0.93420474744,-99.0657952526,-52.3360490899,-0.201309357967,1.07255267263e+11,92.18,Sell
340,6.35627324952,0.591479655657,-99.4085203443,-74.7376473223,-0.187454163741,1.07073563291e+11,90.830002,Buy
343,5.23730758846,0.49323386444,-99.5067661356,-88.9138840978,-0.171477315466,1.06904029337e+11,90.900002,Buy
346,4.51527347515,0.569937854562,-99.4300621454,-95.4460928891,-0.150560546792,1.06741013518e+11,93.519997,Buy
349,4.0129541733,0.715320301346,-99.2846796987,-95.8810805205,-0.128907921488,1.06593233946e+11,95.970001,Sell
352,3.64151296275,0.934836092886,-99.0651639071,-91.9720802088,-0.108537197976,1.0644542506e+11,95.040001,Buy
355,3.35652051076,1.06267094052,-98.9373290595,-85.3284530439,-0.0894346053997,1.06305678358e+11,95.32,Sell
358,3.12098216402,1.30191371819,-98.6980862818,-77.2565542451,-0.0758171734125,1.06162371391e+11,94.43,Buy
361,2.93946902586,1.76032257793,-98.2396774221,-68.6126787061,-0.0580099393952,1.06014563832e+11,97.190002,Buy
364,2.80755119165,2.42222848619,-97.5777715138,-59.870784405,-0.0398267369921,1.0586052441e+11,99.019997,Sell
367,2.68898930292,2.68776338962,-97.3122366104,-51.5055806133,-0.0323320606491,1.05711377861e+11,95.599998,Sell
370,2.57223503559,3.54398432375,-96.4560156763,-43.9199666765,-0.0288536126639,1.0556385421e+11,95.120003,Sell
373,2.46386887593,4.58585222915,-95.4141477708,-37.2139810136,-0.0241405273061,1.05419836471e+11,94.739998,Buy
376,2.39343109029,6.12997857808,-93.8700214219,-31.2966412701,-0.0139378408987,1.05284000115e+11,97.239998,Buy
379,2.35964334549,8.35224321785,-91.6477567821,-26.0607436908,-0.00575447533519,1.05154819174e+11,99.160004,Buy
382,2.86414797258,14.4616730492,-85.5383269508,-21.4210812074,0.00166446616334,1.05292867166e+11,100.580002,Buy
385,3.95920406144,29.9098051193,-70.0901948807,-17.3961309759,0.00297615497716,1.05426635662e+11,100.889999,Buy
388,6.20617077318,72.6019146764,-27.3980853236,-13.9668930526,0.00496366843556,1.05564538699e+11,102.5,Sell
391,7.16073076225,59.2516987333,-40.7483012667,-11.1630236033,-0.00239984342381,1.05499442738e+11,98.120003,Sell
394,6.87855439463,35.1403302129,-64.8596697871,-9.02279795142,-0.00575553090143,1.05315738718e+11,97.989998,Buy
397,9.52225550951,48.0381021115,-51.9618978885,-7.24974676996,0.00343104804622,1.05530007155e+11,101.660004,Sell
400,11.7388316593,57.6307172868,-42.3692827132,-5.75299781296,0.00245657097601,1.05737684818e+11,101.580002,Buy
403,13.3411947741,63.2793551944,-36.7206448056,-4.52803532114,0.00153246427578,1.0593427758e+11,101.059998,Sell
406,15.5976925664,56.6236711361,-43.3763288639,-3.54803328703,-0.000547891698364,1.05995581046e+11,97.870003,Sell
409,15.5233943236,53.9359044178,-46.0640955822,-2.82655753241,-0.000548703428274,1.05927418566e+11,100.75,Sell
412,14.6199927882,38.5120107997,-61.4879892003,-2.29472376702,-0.00287061240218,1.05742212243e+11,99.620003,Buy
415,15.1441889516,36.1761037113,-63.8238962887,-1.89533126163,-0.00165820517304,1.05684426257e+11,100.800003,Buy
418,17.5147693223,38.4802346324,-61.5197653676,-1.53462760434,0.00062012144136,1.057434306e+11,99.809998,Sell
421,13.8046587192,30.0799233189,-69.9200766811,-1.33091020289,-0.00741665320689,1.05557142575e+11,96.260002,Buy
424,22.018843993,42.2313468018,-57.7686531982,-1.18086863089,0.00148218193461,1.05626795827e+11,102.470001,Buy
427,46.4105393582,72.8312277641,-27.1687722359,-0.819107791792,0.0122643159942,1.05830420839e+11,105.220001,Buy
430,63.2535435357,84.5670087215,-15.4329912785,-0.316564841407,0.0142420191319,1.06017099784e+11,107.339996,Buy
433,74.0124331539,89.3555838075,-10.6444161925,0.232985184946,0.0148013686596,1.06191376489e+11,109.400002,Sell
436,80.0049377398,91.8284472033,-8.17155279671,0.742313411975,0.0120898673457,1.06353417228e+11,108.699997,Buy
439,83.9136459209,92.8648236102,-7.13517638979,1.13316859849,0.0100324804894,1.06498373259e+11,109.699997,Buy
442,88.5309003341,93.9797608492,-6.0202391508,1.51136614921,0.0162566203147,1.06639526382e+11,114.18,Buy
445,91.5875938384,91.1565286455,-8.84347135447,1.91656867785,0.0163753325129,1.06780076216e+11,114.669998,Buy
448,93.8606656785,92.0361381484,-7.96386185162,2.30651020114,0.0178057083202,1.06920638902e+11,118.629997,Buy
451,95.3091655919,92.1123945749,-7.88760542509,2.66120248728,0.0160663538718,1.07064603897e+11,118.93,Sell
454,95.6475052871,88.4418699155,-11.5581300845,2.77170825613,0.00413378172871,1.07215086329e+11,115.93,Sell
457,92.8119090373,82.9344023844,-17.0655976156,2.65611119973,0.000664788935553,1.0726340656e+11,112.400002,Sell
460,85.0386655961,70.0562983107,-29.9437016893,2.32928642537,-0.00340266780077,1.0721510529e+11,111.620003,Sell
463,62.5485079322,27.4901494154,-72.5098505846,1.76851829156,-0.0124470195659,1.07062266563e+11,106.75,Buy
466,59.5603449732,29.1952780258,-70.8047219742,1.22750071887,-0.00189145795572,1.07006641132e+11,111.779999,Buy
469,60.7975196928,32.0414740381,-67.9585259619,0.892201122439,0.00116545315904,1.07065468195e+11,112.010002,Buy
472,64.5912600809,40.9632327856,-59.0367672144,0.716416638998,0.00307890025092,1.07202354784e+11,112.519997,Sell
475,46.81849421,24.8284348852,-75.1715651148,0.462767833411,-0.00905050810877,1.07067403277e+11,106.25,Buy
478,39.5304780113,30.0066748191,-69.9933251809,0.1037151059,-0.00604814357101,1.07020161147e+11,111.889999,Sell
481,39.1464770799,29.1396361551,-70.8603638449,-0.0817792363621,-0.000727976877843,1.06969192235e+11,110.220001,Sell
484,29.803155351,22.3037307483,-77.6962692517,-0.275432662543,-0.0076288126834,1.06812815281e+11,105.989998,Buy
487,34.6586601103,29.9806636381,-70.0193363619,-0.409872592582,0.00124052973134,1.06759138565e+11,112.400002,Sell
490,43.7719409792,50.5050541631,-49.4949458369,-0.331457408075,0.00389636038478,1.06807719093e+11,109.139999,Buy
493,66.2125455383,69.1440387897,-30.8559612103,-0.0294879075485,0.0159670612101,1.07009417073e+11,117.160004,Buy
496,77.465566633,79.7398459078,-20.2601540922,0.456685889652,0.015793817443,1.07211500262e+11,119.559998,Buy
499,83.178992982,85.4765095608,-14.5234904392,0.950586534913,0.0127575969856,1.07399320426e+11,119.720001,Sell
502,88.9988549591,89.7245319661,-10.2754680339,1.49369432318,0.0207426981184,1.07584736895e+11,126.459999,Buy
505,92.5253969109,92.3201024974,-7.67989750263,2.13636738406,0.0223863776826,1.07769828867e+11,128.720001,Buy
508,94.660494428,94.2904811585,-5.70951884145,2.75167487627,0.0216847235596,1.07944535076e+11,133.0,Sell
511,95.7519088423,92.6297061917,-7.37029380834,3.25529913149,0.0155823393366,1.08129595911e+11,130.419998,Sell
514,96.2811760702,91.7623882035,-8.23761179651,3.46281320107,0.00844740577059,1.08315876777e+11,129.360001,Sell
517,96.4278202014,86.6010210072,-13.3989789928,3.38920664556,0.00233414460407,1.08489202008e+11,126.599998,Sell
520,87.6156791429,72.5329121244,-27.4670878756,3.04343043533,-0.00372429176656,1.08425604019e+11,122.239998,Buy
523,81.5946440909,50.8495199994,-49.1504800006,2.52302168083,-0.0030142198075,1.08245245714e+11,124.949997,Sell
526,83.7754933283,52.2965355179,-47.7034644821,2.13249159553,0.0046592636809,1.08418190584e+11,127.5,Sell
529,84.2489530962,56.7334350878,-43.2665649122,1.82065610117,0.00125577536729,1.08470262184e+11,126.690002,Sell
532,70.221899,38.6626535082,-61.3373464918,1.4429274636,-0.00525307118089,1.08311354807e+11,123.25,Buy
535,66.1090632188,36.4305023365,-63.5694976635,1.10025597199,-0.00116464117913,1.08262636346e+11,124.25,Buy
538,68.6620860333,39.8648492662,-60.1351507338,0.857119706702,0.0018275319441,1.08307405429e+11,126.010002,Buy
541,71.4483108412,47.0949605691,-52.9050394309,0.708529416248,0.00180940929981,1.08439642995e+11,127.099998,Sell
544,74.0217137874,59.6601400528,-40.3398599472,0.628733729684,0.00169194030199,1.085635323e+11,126.779999,Buy
547,72.0308688744,64.406685142,-35.593314858,0.547464876706,0.000390276102388,1.08603063873e+11,127.599998,Buy
550,79.5359966104,72.3046427557,-27.6953572443,0.548313081848,0.00495494642153,1.08723142566e+11,129.669998,Buy
553,87.2252032478,74.7427925856,-25.2572074144,0.712179892217,0.00913477736895,1.08862987433e+11,130.559998,Sell
556,80.1787141288,66.1779887616,-33.8220112384,0.776684742899,-0.00054906007023,1.08917162566e+11,128.949997,Sell
559,67.6461941922,54.6857288702,-45.3142711298,0.71293310783,-0.00286824949676,1.08860566453e+11,125.010002,Buy
562,60.7387475009,45.3538154665,-54.6461845335,0.545835646185,-0.00202526920543,1.08805888702e+11,126.32,Sell
565,58.8002162238,35.0709488479,-64.9290511521,0.391039839201,-0.000250356040894,1.08751206571e+11,128.949997,Buy
568,69.0970503652,54.3646713472,-45.6353286528,0.388307010578,0.00526478973932,1.08901526102e+11,130.070007,Buy
571,78.5168606985,75.2212198959,-24.7787801041,0.512871442738,0.00731532490877,1.09045155191e+11,132.539993,Buy
574,82.983254736,77.9437076259,-22.0562923741,0.670164860357,0.00498500793771,1.09191690703e+11,131.779999,Sell
577,84.3533332227,79.3950602895,-20.6049397105,0.767657908333,0.00173279136064,1.09331066813e+11,129.960007,Sell
580,80.0719221511,74.3499631507,-25.6500368493,0.758960787789,-0.000562211248611,1.09289019804e+11,128.649994,Buy
583,66.9963859113,56.6353093313,-43.3646906687,0.621731586177,-0.00293430601231,1.0915660521e+11,128.880005,Sell
586,53.9595038031,29.8188985382,-70.1811014618,0.441582598414,-0.00331486061806,1.09027687511e+11,126.919998,Buy
589,46.5275542862,26.8952724534,-73.1047275466,0.246344758367,-0.00226556202431,1.08904599093e+11,127.879997,Sell
592,38.6024174587,20.948700656,-79.051299344,0.0692720779514,-0.00271107966514,1.08781808631e+11,127.029999,Sell
595,34.6590081509,20.8039710664,-79.1960289336,-0.0541789161616,-0.00137649104362,1.08741829789e+11,126.75,Sell
598,24.6832127351,17.3526042223,-82.6473957777,-0.22100951991,-0.00470901783178,1.08617408738e+11,126.599998,Sell
601,20.4256668677,23.8256956123,-76.1743043877,-0.344474874105,-0.00262946577505,1.08500217077e+11,125.690002,Sell
604,11.2685392355,19.8139728579,-80.1860271421,-0.582906073592,-0.0101606373262,1.08367807978e+11,123.279999,Buy
607,15.5469866623,23.3066817285,-76.6933182715,-0.701176450224,0.000794797316312,1.08320889388e+11,126.82,Buy
610,47.3229001599,58.6043511879,-41.3956488121,-0.549179341383,0.00907671678646,1.08451453102e+11,132.070007,Sell
613,47.0440921837,61.526311296,-38.473688704,-0.328879074743,-0.000134048992476,1.08391156453e+11,125.160004,Sell
616,34.9948031006,35.7083497421,-64.2916502579,-0.344245985715,-0.00693802012012,1.08236285767e+11,123.379997,Sell
619,25.6270537573,21.2404763523,-78.7595236477,-0.503810787922,-0.00795382562612,1.08092815663e+11,121.300003,Sell
622,14.4544040807,17.1659558129,-82.8340441871,-0.909363961244,-0.0185971227209,1.07926769319e+11,115.400002,Buy
625,10.8006664868,16.3251322496,-83.6748677504,-1.39614705546,-0.012166654345,1.07751842023e+11,119.720001,Sell
628,7.91834985763,16.4455830686,-83.5544169314,-1.80956046127,-0.0139667527113,1.07562087176e+11,115.150002,Buy
631,6.87706689594,16.4309637473,-83.5690362527,-2.04629375548,-0.0064194811518,1.07383848601e+11,116.5,Sell
634,4.72088777436,12.9975065811,-87.0024934189,-2.26550227967,-0.0172952140327,1.0720603026e+11,105.760002,Buy
637,3.11651735268,20.0910785812,-79.9089214188,-2.77606308954,-0.0243501609372,1.06977856377e+11,109.690002,Buy
640,3.01271510776,21.6777423427,-78.3222576573,-2.92927188313,-0.00197814723024,1.06747956721e+11,112.760002,Sell
643,2.60051395735,20.1770201253,-79.8229798747,-2.91270053812,-0.00775940942303,1.06528083671e+11,110.370003,Sell
646,2.3451058016,19.3716869572,-80.6283130428,-2.77987221179,-0.00492878750568,1.06320663698e+11,110.150002,Buy
649,12.5082005752,34.5326847229,-65.4673152771,-2.45884365869,0.00446431222736,1.06523439873e+11,115.309998,Sell
652,25.5026610602,56.1604896687,-43.8395103313,-1.95080992728,0.00636584266739,1.06711183907e+11,113.919998,Buy
655,28.6790886754,68.9224165991,-31.0775834009,-1.50266985336,0.00139101985006,1.06775339325e+11,113.400002,Buy
658,34.7260381909,73.8004324327,-26.1995675673,-1.11957763337,0.00256529577486,1.06948743178e+11,114.709999,Sell
661,26.386429379,53.8069269906,-46.1930730094,-0.938830982267,-0.0075764641489,1.06774028215e+11,110.300003,Buy
664,21.3297934191,36.1171637041,-63.8828362959,-0.933426299134,-0.00621631541704,1.06595933977e+11,110.779999,Sell
667,18.26407894,31.9259412135,-68.0740587865,-0.939438377208,-0.0042103771043,1.06424075868e+11,109.5,Buy
670,18.8729039713,33.0444842636,-66.9555157364,-0.8978585875,1.55286161009e-05,1.06374287808e+11,111.790001,Sell
673,17.8644037995,30.1681990118,-69.8318009882,-0.837581827534,-0.00175856887484,1.06323782192e+11,111.040001,Buy
676,32.1427850607,50.3991215795,-49.6008784205,-0.701200664115,0.00355197752638,1.06465518215e+11,113.760002,Buy
679,58.2849183587,75.5748518656,-24.4251481344,-0.378150507315,0.0106219305918,1.06609045948e+11,115.279999,Buy
682,73.1632742518,82.6796874174,-17.3203125826,0.0176223264763,0.0116912100488,1.06769386965e+11,120.529999,Buy
685,82.9005942371,86.9174537085,-13.0825462915,0.529091825271,0.0150614611765,1.06926199122e+11,122.57,Sell
688,87.2102589651,87.5054211445,-12.4945788555,1.02194167246,0.0112362680123,1.07074284913e+11,121.059998,Sell
691,82.8583904438,82.2981436903,-17.7018563097,1.26261243075,0.000229622460868,1.0702552777e+11,116.110001,Sell
694,66.2894929402,65.5441690788,-34.4558309212,1.13066577455,-0.00785466229145,1.0688794943e+11,114.18,Buy
697,64.7645785928,53.3031404224,-46.6968595776,0.899015629365,0.000190951355228,1.06932116911e+11,118.779999,Buy
700,69.2115654412,52.1665930591,-47.8334069409,0.814887072905,0.0043107188969,1.07059098074e+11,118.879997,Sell
703,71.2543991607,59.7562113373,-40.2437886627,0.761218385438,0.00190689178383,1.0717434769e+11,118.300003,Buy
706,63.5256872102,55.9502855859,-44.0497144141,0.653739308324,-0.00268574384076,1.07062487208e+11,115.199997,Buy
709,68.1304871846,66.2683115352,-33.7316884648,0.575814824332,0.00306654880996,1.07178833672e+11,118.230003,Sell
712,52.240411995,35.0400803491,-64.9599196509,0.426744924737,-0.00564144067108,1.07062761498e+11,113.18,Sell
715,32.6127734572,26.9540865336,-73.0459134664,0.0821610290441,-0.0119885674079,1.06935118914e+11,111.339996,Buy
718,19.2329615451,16.6847522131,-83.3152477869,-0.448208932305,-0.0179910983382,1.06793552884e+11,107.330002,Buy
721,14.3674950072,12.7375860834,-87.2624139166,-0.975092163116,-0.0122227849548,1.06657652651e+11,108.029999,Sell
724,11.4527416112,11.1386050943,-88.8613949057,-1.37160069753,-0.00995417585237,1.06537288562e+11,107.32,Sell
727,8.25679876174,11.6625227164,-88.3374772836,-1.72450924641,-0.0151414342678,1.06413468323e+11,102.709999,Sell
730,5.14911705794,8.46288038618,-91.5371196138,-2.24132883058,-0.0266875224173,1.06268122755e+11,96.959999,Buy
733,3.90491787803,8.20581207136,-91.7941879286,-2.74137204174,-0.0186675714564,1.06114768561e+11,97.389999,Sell
736,3.0956903198,10.7308968226,-89.2691031774,-3.08874787726,-0.0163545111568,1.0595133603e+11,96.660004,Buy
739,2.67169543037,13.9910543575,-86.0089456425,-3.284481813,-0.0106662065588,1.05780929287e+11,101.419998,Sell
742,2.27028902436,13.7461087874,-86.2538912126,-3.25034441407,-0.0103244572216,1.05600099027e+11,93.419998,Buy
745,1.90487739843,17.1265677529,-82.8734322471,-3.22713590116,-0.0112997121622,1.05408401083e+11,96.43,Buy
748,1.64885310211,18.6525957467,-81.3474042533,-3.13221716245,-0.00885453829873,1.05232227983e+11,96.599998,Sell
751,1.39213089663,19.6842154325,-80.3157845675,-3.00303531795,-0.00971301649858,1.0506447646e+11,94.989998,Sell
754,1.17564683033,16.7758884049,-83.2241115951,-2.86343660877,-0.00920029355281,1.04904837184e+11,93.989998,Buy
757,4.42502631768,24.7799587966,-75.2200412034,-2.58962320522,0.00122131216125,1.04957956821e+11,96.260002,Sell
760,4.77782657548,26.2097956313,-73.7902043687,-2.26666854702,-0.00223294709091,1.04910715989e+11,94.690002,Buy
763,7.00937665445,34.2226602279,-65.7773397721,-1.94399588196,0.000476134711266,1.04950996716e+11,96.910004,Buy
766,27.9734952336,70.7101624658,-29.2898375342,-1.53705437591,0.00798639936385,1.05075760966e+11,100.75,Buy
769,50.2030613535,80.5559557576,-19.4440442424,-0.980810798275,0.0130178751103,1.05198891401e+11,101.870003,Buy
772,58.6547591749,83.4420462041,-16.5579537959,-0.476359093769,0.00681598160399,1.05315869363e+11,101.169998,Buy
775,68.9814673223,88.1002482723,-11.8997517277,-0.0287435862831,0.0104708546142,1.05425602026e+11,104.580002,Buy
778,78.3643943786,90.4077657664,-9.59223423357,0.459458330318,0.0146533408064,1.05535793685e+11,105.919998,Buy
781,83.4153644044,88.831717832,-11.168282168,0.894304852764,0.0116261556795,1.05644885878e+11,106.129997,Buy
784,86.3929502071,89.4364489911,-10.5635510089,1.20046134628,0.00848328853665,1.05745701105e+11,107.68,Buy
787,90.1311902107,90.7892000324,-9.21079996761,1.51211573294,0.0144292337803,1.05845988638e+11,109.989998,Buy
790,92.5149614861,90.7444357201,-9.25556427991,1.81124815885,0.0132392626504,1.05943555027e+11,110.959999,Sell
793,93.3126135299,86.6110231027,-13.3889768973,1.95074771286,0.00512964098167,1.06037548628e+11,109.019997,Buy
796,94.7669962215,89.1911303116,-10.8088696884,2.03998603558,0.0106151287619,1.0612935078e+11,112.099998,Sell
799,89.8555902157,79.9907674209,-20.0092325791,1.98479791935,-0.000835009098735,1.06092138574e+11,106.910004,Buy
802,78.4548275148,60.2136664373,-39.7863335627,1.71064811568,-0.00486235387026,1.05990361129e+11,105.68,Sell
805,54.457402924,22.7428545731,-77.2571454269,1.24583655481,-0.0133480360746,1.05878646531e+11,97.82,Sell
808,30.0044111117,13.0673544395,-86.9326455605,0.369407296613,-0.0298870040231,1.05734380641e+11,93.639999,Sell
811,21.2517830932,9.51814571885,-90.4818542811,-0.560717263575,-0.0225459763209,1.05588684725e+11,93.239998,Sell
814,16.1813830234,7.95831088293,-92.0416891171,-1.37465404667,-0.020013470721,1.05451233719e+11,93.419998,Sell
817,12.4662705295,6.42342802049,-93.5765719795,-2.01995804945,-0.0202253429267,1.05315815634e+11,90.519997,Buy
820,11.3190972407,8.53959119247,-91.4604088075,-2.3798482024,-0.00740348372256,1.05173879084e+11,94.559998,Buy
823,11.8005749661,11.5109673338,-88.4890326662,-2.42790340565,-0.00185805814332,1.05127921509e+11,96.43,Buy
826,25.2498138783,33.6074475331,-66.3925524669,-2.13540034454,0.00953893050807,1.05256573285e+11,100.410004,Sell
829,34.4676425254,71.1396288999,-28.8603711001,-1.6533518704,0.00726642906059,1.05383928217e+11,98.459999,Buy
832,36.8900180921,75.7389612093,-24.2610387907,-1.24503288757,0.00169094924303,1.05504071461e+11,98.629997,Sell
835,43.2116247144,79.6881891682,-20.3118108318,-0.880463208704,0.00419100995975,1.05611192007e+11,99.650002,Sell
838,42.6304585585,73.2875065052,-26.7124934948,-0.611034153289,-0.000600939468965,1.05576404751e+11,97.459999,Sell
841,37.6275929434,49.7071353203,-50.2928646797,-0.481554651775,-0.00367509075656,1.05472419838e+11,95.330002,Buy
844,31.0272289577,25.6472971218,-74.3527028782,-0.487278724236,-0.00559350309012,1.05364793285e+11,95.550003,Sell
847,22.715545466,19.353739012,-80.646260988,-0.576696996987,-0.0090335487638,1.05251158256e+11,92.040001,Buy
850,19.7625320599,20.0700128011,-79.9299871989,-0.708090918782,-0.00436596119572,1.05133128873e+11,95.599998,Sell
853,19.271141548,20.5337691867,-79.4662308133,-0.734150775071,-0.000914861132818,1.05097824868e+11,95.529999,Buy
856,27.3102681126,31.1038670313,-68.8961329687,-0.667200761597,0.0023269279845,1.05201209855e+11,96.980003,Buy
859,42.2671260333,55.9310375747,-44.0689624253,-0.506704129811,0.0048897280472,1.05298611454e+11,98.790001,Buy
862,59.8746267064,82.6018340099,-17.3981659901,-0.24873844858,0.00841649857292,1.05395858112e+11,99.870003,Sell
865,67.8497032446,82.6956525055,-17.3043474945,0.0245888759254,0.00558784891418,1.05490074274e+11,98.660004,Buy
868,70.799949005,79.0984095139,-20.9015904861,0.192711955135,0.00377273735976,1.05463480777e+11,102.949997,Buy
871,83.6225615117,87.1066982154,-12.8933017846,0.546289724974,0.0179754059524,1.05580867039e+11,106.050003,Buy
874,88.6772048852,89.2085064182,-10.7914935818,0.963359140189,0.0143787223377,1.05693093971e+11,105.870003,Buy
877,92.3614935579,92.651900488,-7.348099512,1.40905635458,0.01776414453,1.05801176663e+11,108.809998,Sell
880,94.0639410614,93.1579115326,-6.84208846738,1.78279615271,0.0123707088338,1.05900721203e+11,108.18,Buy
883,95.3606015556,93.4871574748,-6.51284252519,2.06315402759,0.0123009025311,1.05994907319e+11,109.220001,Sell
886,96.0683964705,92.9055000741,-7.09449992593,2.21503348553,0.00804854848174,1.06084224059e+11,108.510002,Sell
889,96.3921642254,91.409570368,-8.59042963203,2.21061428531,0.00382904627638,1.06168788056e+11,107.57,Sell
892,93.785043744,84.6201063088,-15.3798936912,2.0333301174,-0.000940398551226,1.06086094651e+11,106.0,Buy
895,92.0184637149,78.0837988545,-21.9162011455,1.76590581031,0.000159440592925,1.06058505865e+11,107.730003,Sell
898,87.7548493715,67.0213558253,-32.9786441747,1.52611783538,0.000630093830917,1.06083536858e+11,105.519997,Buy
901,75.5740968467,50.0390014807,-49.9609985193,1.20521807862,-0.00305440498522,1.0605369079e+11,107.949997,Buy
904,86.5513338441,78.8944789628,-21.1055210372,1.22348343763,0.0184651821857,1.06196247879e+11,114.919998,Sell
907,90.1502235645,82.8858422709,-17.1141577291,1.42802223591,0.0119385757913,1.0634384354e+11,113.550003,Sell
910,91.9901431111,85.0831166853,-14.9168833147,1.60950708963,0.00822046789898,1.06482182359e+11,112.879997,Sell
913,93.0504719029,86.5721565761,-13.4278434239,1.69013275504,0.00532460013455,1.06608811797e+11,112.18,Buy
916,93.7406130475,85.3832135407,-14.6167864593,1.66927647935,0.00348946317292,1.06727003128e+11,113.0,Buy
919,94.6233594674,83.2832369014,-16.7167630986,1.60859893843,0.00453524634333,1.0683421689e+11,114.059998,Buy
922,96.1325032121,81.2707422467,-18.7292577533,1.63002797625,0.0100601434578,1.06944460052e+11,117.339996,Buy
925,97.0754340125,84.3117163222,-15.6882836778,1.71443549536,0.00920329455008,1.07055116827e+11,117.550003,Sell
928,97.5801053012,86.1051531458,-13.8948468542,1.77329946269,0.00629606292441,1.07156030351e+11,117.059998,Buy
931,97.9687514777,88.7460995184,-11.2539004816,1.76972943904,0.00542572296477,1.07251161084e+11,118.25,Sell
934,88.6333305003,78.4031590551,-21.5968409449,1.62922143437,-0.00276936256928,1.07143940995e+11,113.720001,Sell
937,67.6460908462,41.7122832527,-58.2877167473,1.29286085627,-0.00742983523669,1.07038120733e+11,111.589996,Sell
940,47.3856291738,20.0660893302,-79.9339106698,0.792306095091,-0.0110413851164,1.06935999605e+11,110.410004,Sell
943,37.0505570571,21.8268371777,-78.1731628223,0.31902767605,-0.00807345587446,1.06830151167e+11,107.790001,Sell
946,26.3459897134,18.5618433516,-81.4381566484,-0.188053200541,-0.0123912147726,1.06716627471e+11,107.110001,Buy
949,24.6744689758,20.6444527794,-79.3555472206,-0.529043211655,-0.00237545656062,1.06600567306e+11,110.059998,Buy
952,29.1003629202,29.4135602743,-70.5864397257,-0.630204071069,0.00190665510969,1.06707988732e+11,111.230003,Buy
955,32.9171489249,39.3043089592,-60.6956910408,-0.595549897595,0.00147039063144,1.06804640981e+11,111.459999,Sell
958,29.1357699063,44.4945965457,-55.5054034543,-0.564160207,-0.00275323696246,1.06707807223e+11,109.900002,Buy
961,27.8086925893,49.0544971164,-50.9455028836,-0.558297918479,-0.00170792021348,1.06675415333e+11,111.029999,Buy
964,46.1835906885,68.605298949,-31.394701051,-0.422604628886,0.00592346637054,1.06768612925e+11,113.300003,Buy
967,64.4932210306,77.4649011295,-22.5350988705,-0.138386357071,0.00962850855143,1.06866266281e+11,115.82,Buy
970,75.2042650578,83.6460847019,-16.3539152981,0.213313892438,0.00967414355969,1.06967224141e+11,116.949997,Sell
973,80.6385798276,88.5633395643,-11.4366604357,0.541498197609,0.00721856566525,1.07059895784e+11,116.519997,Buy
976,84.2326181651,88.7699727962,-11.2300272038,0.791484720538,0.00597390275631,1.07142715626e+11,116.730003,Sell
979,85.5842730292,86.9945151849,-13.0054848151,0.915743552045,0.00237604131535,1.07223120226e+11,116.019997,Buy
982,88.731292796,87.1630395977,-12.8369604023,1.00057670076,0.00606118079585,1.0730295783e+11,118.989998,Buy
985,91.5985978756,88.7797414385,-11.2202585615,1.13272474128,0.00772473485089,1.07383909418e+11,119.25,Buy
988,93.3757839964,88.8537541445,-11.1462458555,1.2491828172,0.00641832943166,1.07465595768e+11,119.989998,Buy
991,94.5605544869,89.1345291449,-10.8654708551,1.33121565366,0.00528692983369,1.0754655417e+11,120.080002,Buy
994,95.805226704,90.8817717001,-9.11822829989,1.39888588298,0.00688988411202,1.07626662125e+11,121.940002,Buy
997,96.5977186447,91.9634543505,-8.03654564954,1.46678754384,0.00571189439998,1.07707587003e+11,121.349998,Buy
1000,98.1378479581,92.1913339336,-7.80866606643,1.73953658805,0.0197549300326,1.07814078737e+11,129.080002,Sell
